{
    "start_time": "2025-11-14 14:03:58",
    "data_path": "s3a://ubs-datasets/FRACTAL/data",
    "sample_fraction": 0.1,
    "num_executors": 16,
    "executor_cores": 2,
    "executor_memory_gb": 16,
    "record_count": 491467368,
    "f1_score": 0.7674966804907486,
    "t_load": 99.30267405509949,
    "t_features": 19.806544303894043,
    "t_train": 599.0163626670837,
    "t_total_pipeline": 618.8229069709778,
    "t_overall": 810.7297625541687
}