{
    "start_time": "2025-11-14 14:18:05",
    "data_path": "s3a://ubs-datasets/FRACTAL/data",
    "sample_fraction": 0.05,
    "num_executors": 16,
    "executor_cores": 2,
    "executor_memory_gb": 16,
    "record_count": 248515837,
    "f1_score": 0.7666325920376862,
    "t_load": 263.80158519744873,
    "t_features": 4.6297948360443115,
    "t_train": 216.93624353408813,
    "t_total_pipeline": 221.56603837013245,
    "t_overall": 528.6144275665283
}